0,0,0,0,0,0,0,0,0
-0.05,0.13,0.98,1.4,0.85,0.49,40.17,29.58,-39.51
-0.05,0.13,0.98,1.1,0.79,0.61,40.17,29.58,-39.51
-0.04,0.13,0.98,1.16,0.92,0.55,40.17,29.58,-39.51
-0.04,0.13,0.98,1.34,0.73,0.67,40.17,29.58,-39.51
-0.05,0.13,0.98,1.1,0.85,0.61,40.37,29.83,-39.59
-0.04,0.13,0.98,1.16,0.85,0.49,40.37,29.83,-39.59
-0.04,0.13,0.98,1.28,0.79,0.61,40.37,29.83,-39.59
-0.04,0.13,0.98,1.22,0.92,0.61,40.37,29.83,-39.59
-0.05,0.13,0.98,1.34,0.67,0.73,40.37,29.83,-39.59
-0.05,0.13,0.98,1.4,0.79,0.67,40.37,29.83,-39.59
-0.05,0.13,0.98,1.34,0.85,0.73,40.43,30.14,-39.01
-0.05,0.13,0.98,1.34,0.79,0.49,40.43,30.14,-39.01
-0.05,0.13,0.98,1.22,0.73,0.61,40.43,30.14,-39.01
-0.05,0.13,0.98,1.22,0.73,0.61,40.43,30.14,-39.01
-0.05,0.13,0.98,1.22,0.92,0.55,40.43,30.14,-39.01
-0.05,0.13,0.98,1.22,0.85,0.67,40.22,30.09,-41.89
-0.05,0.13,0.98,1.28,0.55,0.37,40.22,30.09,-41.89
-0.05,0.13,0.98,1.22,0.67,0.49,40.22,30.09,-41.89
-0.05,0.13,0.98,1.16,0.73,0.61,40.22,30.09,-41.89
-0.05,0.13,0.98,1.22,0.79,0.49,40.22,30.09,-41.89
-0.04,0.13,0.98,1.46,0.85,0.67,40.22,30.09,-41.89
-0.04,0.13,0.98,1.1,0.79,0.43,40.31,30.58,-39.53
-0.04,0.13,0.98,1.28,0.85,0.55,40.31,30.58,-39.53
-0.05,0.13,0.98,1.28,0.85,0.55,40.31,30.58,-39.53
-0.05,0.13,0.98,1.22,0.92,0.55,40.31,30.58,-39.53
-0.05,0.13,0.98,1.22,0.67,0.61,40.31,30.58,-39.53
-0.05,0.13,0.98,1.1,0.67,0.55,40.25,30.54,-39.94
-0.05,0.13,0.98,1.28,0.79,0.49,40.25,30.54,-39.94
-0.05,0.13,0.98,1.22,0.79,0.61,40.25,30.54,-39.94
-0.05,0.13,0.98,1.28,0.85,0.73,40.25,30.54,-39.94
-0.05,0.13,0.98,1.22,0.85,0.73,40.25,30.54,-39.94
-0.05,0.13,0.98,1.4,0.79,0.61,40.2,29.93,-39.99
-0.05,0.13,0.98,1.22,0.73,0.61,40.2,29.93,-39.99
-0.05,0.13,0.98,1.34,0.79,0.67,40.2,29.93,-39.99
-0.05,0.13,0.98,1.28,0.67,0.73,40.2,29.93,-39.99
-0.05,0.13,0.98,1.22,0.85,0.67,40.2,29.93,-39.99
-0.05,0.13,0.98,1.28,0.92,0.55,40.2,29.93,-39.99
-0.05,0.13,0.98,1.28,0.92,0.55,40.17,29.72,-39.31
-0.05,0.13,0.98,1.28,0.73,0.43,40.17,29.72,-39.31
-0.05,0.13,0.98,1.34,0.92,0.73,40.17,29.72,-39.31
-0.05,0.13,0.98,1.28,0.92,0.67,40.17,29.72,-39.31
-0.05,0.13,0.98,1.4,0.85,0.67,40.17,29.72,-39.31
-0.05,0.13,0.98,1.22,0.85,0.67,40.17,29.72,-39.31
-0.05,0.13,0.98,1.22,0.73,0.55,39.84,29.83,-40.86
-0.05,0.13,0.98,1.22,0.67,0.49,39.84,29.83,-40.86
-0.05,0.13,0.98,1.34,0.79,0.67,39.84,29.83,-40.86
-0.05,0.13,0.98,1.34,0.85,0.67,39.84,29.83,-40.86
-0.05,0.13,0.98,1.16,0.73,0.61,39.84,29.83,-40.86
-0.05,0.13,0.98,1.34,0.79,0.55,39.72,30.27,-40.04
-0.05,0.13,0.98,1.34,0.73,0.43,39.72,30.27,-40.04
-0.05,0.13,0.98,1.16,0.79,0.61,39.72,30.27,-40.04
-0.05,0.13,0.98,1.34,0.92,0.61,39.72,30.27,-40.04
-0.05,0.13,0.98,1.34,0.98,0.61,39.72,30.27,-40.04
-0.05,0.13,0.98,1.22,0.98,0.61,39.83,30.36,-40.7
-0.04,0.13,0.98,1.28,0.85,0.49,39.83,30.36,-40.7
-0.05,0.13,0.98,1.28,0.92,0.67,39.83,30.36,-40.7
-0.05,0.13,0.98,1.16,0.92,0.67,39.83,30.36,-40.7
-0.05,0.13,0.98,1.34,0.79,0.67,39.83,30.36,-40.7
-0.05,0.13,0.98,1.53,0.85,0.67,0,0,0
-0.05,0.13,0.98,1.28,0.73,0.61,39.82,29.97,-39.82
-0.05,0.13,0.98,1.22,0.73,0.49,39.82,29.97,-39.82
-0.05,0.13,0.98,1.28,0.73,0.67,39.82,29.97,-39.82
-0.05,0.13,0.98,1.28,0.79,0.61,39.82,29.97,-39.82
-0.05,0.13,0.98,1.34,0.85,0.49,39.82,29.97,-39.82
-0.05,0.13,0.98,1.34,0.79,0.61,40,30.71,-38.11
-0.05,0.13,0.98,1.46,0.67,0.49,40,30.71,-38.11
-0.05,0.13,0.98,1.4,0.92,0.61,40,30.71,-38.11
-0.05,0.13,0.98,1.34,0.79,0.55,40,30.71,-38.11
-0.05,0.13,0.98,1.4,0.85,0.55,40,30.71,-38.11
-0.04,0.13,0.98,1.4,0.85,0.85,40,30.71,-38.11
-0.05,0.13,0.98,1.28,0.85,0.61,40.33,30.68,-40.03
-0.05,0.13,0.98,1.22,0.79,0.67,40.33,30.68,-40.03
-0.05,0.13,0.98,1.22,0.79,0.67,40.33,30.68,-40.03
-0.05,0.13,0.98,1.22,0.85,0.61,40.33,30.68,-40.03
-0.05,0.13,0.98,1.1,0.85,0.61,40.33,30.68,-40.03
-0.05,0.13,0.98,1.22,0.73,0.61,40.14,30.38,-39.78
-0.05,0.13,0.98,1.34,0.85,0.49,40.14,30.38,-39.78
-0.05,0.13,0.98,1.34,0.85,0.61,40.14,30.38,-39.78
-0.05,0.13,0.98,1.28,0.79,0.67,40.14,30.38,-39.78
-0.05,0.13,0.98,1.28,0.79,0.73,40.14,30.38,-39.78
-0.05,0.13,0.98,1.4,0.79,0.61,40.14,30.38,-39.78
-0.05,0.13,0.98,1.22,0.92,0.49,40.72,30.36,-39.6
-0.05,0.13,0.98,1.28,0.79,0.55,40.72,30.36,-39.6
-0.05,0.13,0.98,1.34,0.79,0.67,40.72,30.36,-39.6
-0.05,0.13,0.98,1.28,0.98,0.67,40.72,30.36,-39.6
-0.05,0.13,0.98,1.34,0.92,0.61,40.72,30.36,-39.6
-0.04,0.13,0.98,1.22,0.92,0.67,40.17,29.96,-39.25
-0.04,0.13,0.98,1.4,0.79,0.61,40.17,29.96,-39.25
-0.04,0.13,0.98,1.4,0.85,0.73,40.17,29.96,-39.25
-0.05,0.13,0.98,1.22,0.73,0.55,40.17,29.96,-39.25
-0.05,0.13,0.98,1.28,0.85,0.55,40.17,29.96,-39.25
-0.05,0.13,0.98,1.22,0.73,0.61,40.17,30.53,-39.81
-0.05,0.13,0.98,1.16,0.73,0.61,40.17,30.53,-39.81
-0.05,0.13,0.98,1.46,0.73,0.73,40.17,30.53,-39.81
-0.05,0.13,0.98,1.4,0.85,0.61,40.17,30.53,-39.81
-0.05,0.13,0.98,1.4,0.79,0.67,40.17,30.53,-39.81
-0.05,0.13,0.98,1.28,0.67,0.79,40.37,30.27,-40.45
-0.05,0.13,0.98,1.16,0.61,0.61,40.37,30.27,-40.45
-0.05,0.13,0.98,1.04,0.85,0.49,40.37,30.27,-40.45
-0.05,0.13,0.98,1.28,1.04,0.73,40.37,30.27,-40.45
-0.04,0.13,0.98,1.4,0.92,0.79,40.37,30.27,-40.45
-0.04,0.13,0.98,1.34,0.73,0.67,40.37,30.27,-40.45
-0.04,0.13,0.98,1.16,0.73,0.67,40.08,30.09,-39.2
-0.04,0.13,0.98,1.28,0.79,0.49,40.08,30.09,-39.2
-0.04,0.13,0.98,1.28,0.85,0.61,40.08,30.09,-39.2
-0.04,0.13,0.98,1.22,0.79,0.61,40.08,30.09,-39.2
-0.04,0.13,0.98,1.34,0.79,0.55,40.08,30.09,-39.2
-0.05,0.13,0.98,1.28,0.73,0.61,39.95,30.07,-40
-0.05,0.13,0.98,1.34,0.85,0.49,39.95,30.07,-40
-0.05,0.13,0.98,1.34,0.85,0.73,39.95,30.07,-40
-0.05,0.13,0.98,1.22,0.92,0.73,39.95,30.07,-40
-0.05,0.13,0.98,1.28,0.79,0.73,39.95,30.07,-40
-0.05,0.13,0.98,1.34,0.85,0.67,39.95,30.07,-40
-0.05,0.13,0.98,1.16,0.85,0.61,40.47,30.22,-39.18
-0.05,0.13,0.98,1.22,0.85,0.43,40.47,30.22,-39.18
-0.05,0.13,0.98,1.28,0.98,0.67,40.47,30.22,-39.18
-0.05,0.13,0.98,1.28,0.98,0.67,40.47,30.22,-39.18
-0.05,0.13,0.98,1.28,0.98,0.73,40.47,30.22,-39.18
-0.04,0.13,0.98,1.04,1.04,0.61,40,30.63,-38.85
-0.05,0.13,0.98,1.22,1.1,0.37,40,30.63,-38.85
-0.05,0.13,0.98,1.46,1.04,0.49,40,30.63,-38.85
-0.04,0.13,0.98,1.59,1.1,0.49,40,30.63,-38.85
-0.04,0.13,0.98,1.53,1.04,0.49,40,30.63,-38.85
-0.04,0.13,0.98,1.46,0.67,0.55,40.84,29.96,-39.36
-0.05,0.13,0.98,1.4,0.79,0.43,40.84,29.96,-39.36
-0.05,0.13,0.98,1.46,0.98,0.73,40.84,29.96,-39.36
-0.05,0.13,0.98,1.4,0.85,0.67,40.84,29.96,-39.36
-0.05,0.13,0.98,1.4,0.92,0.49,40.84,29.96,-39.36
-0.05,0.13,0.98,1.34,0.73,0.73,40.84,29.96,-39.36
-0.05,0.13,0.98,1.28,0.73,0.67,40.04,30.36,-41.14
-0.05,0.13,0.98,1.28,0.85,0.67,40.04,30.36,-41.14
-0.05,0.13,0.98,1.28,0.92,0.55,40.04,30.36,-41.14
-0.05,0.13,0.98,1.28,0.92,0.61,40.04,30.36,-41.14
-0.05,0.13,0.98,1.34,0.92,0.55,40.04,30.36,-41.14
-0.05,0.13,0.98,1.4,0.79,0.61,40.14,30.41,-40.06
-0.05,0.13,0.98,1.34,0.85,0.43,40.14,30.41,-40.06
-0.04,0.13,0.98,1.34,0.92,0.61,40.14,30.41,-40.06
-0.04,0.13,0.98,1.28,0.92,0.67,40.14,30.41,-40.06
-0.04,0.13,0.98,1.34,0.79,0.67,40.14,30.41,-40.06
-0.04,0.12,0.98,1.34,0.92,0.67,40.31,30.25,-39.22
-0.04,0.12,0.98,1.4,0.79,0.49,40.31,30.25,-39.22
-0.04,0.12,0.98,1.34,0.79,0.61,40.31,30.25,-39.22
-0.04,0.13,0.98,1.4,0.73,0.61,40.31,30.25,-39.22
-0.05,0.13,0.98,1.16,0.67,0.73,40.31,30.25,-39.22
-0.05,0.13,0.98,1.34,0.79,0.67,40.42,29.81,-38.27
-0.05,0.13,0.98,1.46,0.92,0.43,40.42,29.81,-38.27
-0.05,0.13,0.98,1.4,0.92,0.49,40.42,29.81,-38.27
-0.05,0.13,0.98,1.28,0.92,0.85,40.42,29.81,-38.27
-0.05,0.13,0.98,1.28,0.92,0.73,40.42,29.81,-38.27
-0.05,0.13,0.98,1.28,1.1,0.67,40.42,29.81,-38.27
-0.05,0.13,0.98,1.22,0.79,0.49,39.62,30.3,-39.07
-0.05,0.13,0.98,1.22,0.85,0.49,39.62,30.3,-39.07
-0.05,0.13,0.98,1.28,0.92,0.73,39.62,30.3,-39.07
-0.04,0.13,0.98,1.22,0.85,0.67,39.62,30.3,-39.07
-0.04,0.13,0.98,1.28,0.79,0.73,39.62,30.3,-39.07
-0.04,0.13,0.98,1.46,0.79,0.49,40.05,29.98,-39.43
-0.04,0.13,0.98,1.22,0.73,0.49,40.05,29.98,-39.43
-0.05,0.13,0.98,1.22,0.79,0.61,40.05,29.98,-39.43
-0.05,0.13,0.98,1.28,0.79,0.49,40.05,29.98,-39.43
-0.05,0.13,0.98,1.46,0.79,0.61,40.05,29.98,-39.43
-0.05,0.13,0.98,1.34,0.79,0.61,39.93,29.5,-39.97
-0.06,0.12,0.98,1.4,0.73,0.73,39.93,29.5,-39.97
-0.09,0.11,0.97,1.89,0.37,-0.24,39.93,29.5,-39.97
-0.08,0.1,0.98,2.01,1.4,-2.38,39.93,29.5,-39.97
-0.05,0.11,1.03,-0.55,6.04,-2.99,39.93,29.5,-39.97
-0.09,0.14,0.94,-4.82,6.29,-6.47,39.93,29.5,-39.97
-0.02,0.16,0.94,-2.99,7.87,-8,39.75,29.22,-39.1
0.01,0.17,0.94,0.55,7.39,-6.84,39.75,29.22,-39.1
0.02,0.17,0.97,5,5.13,-3.72,39.75,29.22,-39.1
0,0.15,0.99,8.79,0.98,-0.31,39.75,29.22,-39.1
-0.03,0.13,1,11.05,-4.46,2.08,39.75,29.22,-39.1
-0.06,0.11,1,7.51,-4.52,2.56,39.66,30.4,-39.45
-0.08,0.1,0.99,3.72,-0.98,1.1,39.66,30.4,-39.45
-0.05,0.12,0.97,1.53,2.01,-0.85,39.66,30.4,-39.45
-0.03,0.14,0.95,2.01,1.95,-2.14,39.66,30.4,-39.45
-0.02,0.15,0.95,5.62,0.37,-2.32,39.66,30.4,-39.45
-0.02,0.14,0.96,9.89,-1.53,-1.1,40.16,30.57,-39.43
-0.04,0.12,0.98,13.31,-5.68,0.43,40.16,30.57,-39.43
-0.05,0.12,0.98,16.36,-6.9,0.37,40.16,30.57,-39.43
-0.04,0.12,0.99,16.54,-7.39,0.73,40.16,30.57,-39.43
-0.04,0.12,0.99,15.5,-6.41,1.71,40.16,30.57,-39.43
-0.07,0.08,1.04,11.29,-4.21,2.56,40.16,30.57,-39.43
-0.09,0.08,1,4.82,-1.34,2.01,39.47,30.68,-38.83
-0.09,0.1,0.95,-1.65,5.98,0.98,39.47,30.68,-38.83
-0.01,0.13,0.97,-2.08,10.62,-0.43,39.47,30.68,-38.83
0,0.13,1,1.04,6.96,-0.12,39.47,30.68,-38.83
-0.05,0.11,0.98,3.78,-0.67,1.4,39.47,30.68,-38.83
-0.04,0.12,0.94,5.25,-3.36,1.04,39.47,30.68,-38.83
-0.02,0.14,0.93,9.09,-5.07,0.18,39.62,31.1,-38.71
-0.02,0.13,0.96,18.92,-11.11,2.87,39.62,31.1,-38.71
-0.03,0.11,1,19.23,-14.4,3.97,39.62,31.1,-38.71
-0.06,0.07,1.03,15.69,-14.83,4.21,39.62,31.1,-38.71
-0.02,0.09,1.04,10.38,-13.49,4.39,39.62,31.1,-38.71
-0.04,0.1,1.01,5.55,-13.67,7.2,38.92,31.71,-39.55
-0.1,0.07,1,4.39,-16.97,8.85,38.92,31.71,-39.55
-0.19,0,1.04,4.58,-19.96,6.04,38.92,31.71,-39.55
-0.19,-0,1.07,-10.68,-10.99,-9.89,38.92,31.71,-39.55
-0.04,0.07,1.05,-18.74,-6.71,-9.16,38.92,31.71,-39.55
0.09,0.17,1,-20.94,-8.67,1.34,38.46,31.25,-39.17
-0.02,0.13,1.03,-16.78,-20.87,9.7,38.46,31.25,-39.17
-0.01,0.14,1.05,-17.15,-27.71,14.22,38.46,31.25,-39.17
-0.02,0.12,1.08,-19.71,-37.17,18.31,38.46,31.25,-39.17
-0.12,0.15,1.23,-20.14,-49.5,21.06,38.46,31.25,-39.17
-0.24,0.19,1.34,-24.66,-44.19,24.9,38.46,31.25,-39.17
-0.11,0.33,1.45,-25.88,-32.47,34.06,38.9,30.38,-39.94
-0.27,0.06,1.42,-36.74,-50.35,39.86,38.9,30.38,-39.94
-0.21,-0.3,1.17,-42.6,-44.68,-8.12,38.9,30.38,-39.94
-0.23,-0.04,1.36,-12.21,-34.24,-31.98,38.9,30.38,-39.94
-0,-0.06,1.66,16.97,-14.28,-42.91,38.9,30.38,-39.94
0.06,0,1.76,8.48,2.81,-57.37,40.2,27.6,-40.43
-0.05,0.1,1.62,-8.24,6.71,-56.03,40.2,27.6,-40.43
-0.12,0.05,1.46,-15.69,-6.04,-47.06,40.2,27.6,-40.43
-0.22,-0.05,1.18,-19.65,-31.8,-36.44,40.2,27.6,-40.43
-0.27,0.06,0.75,-25.09,-87.4,-23.32,40.2,27.6,-40.43
-0.26,0.2,0.39,-25.09,-87.4,-23.32,40.2,27.6,-40.43
-0.33,0.2,-0.03,-22.95,-107.79,-20.14,41.02,23.56,-39.22
-0.37,0.22,-0.83,-17.58,-101.07,-12.27,41.02,23.56,-39.22
-0.27,0.2,-0.96,-1.89,-76.35,-4.76,41.02,23.56,-39.22
-0.18,0.19,-0.71,22.71,-29.79,-5.55,41.02,23.56,-39.22
-0.03,0.16,0.02,55.85,24.72,-1.95,41.02,23.56,-39.22
0.14,0.02,1.18,88.26,120.73,25.82,40.08,25.42,-37.94
-0.5,-0.02,3.7,65.73,143.68,19.96,40.08,25.42,-37.94
-0.77,-0.05,3.64,8.06,159.42,-17.82,40.08,25.42,-37.94
-0.63,-0.01,2.76,-49.87,125.98,-62.44,40.08,25.42,-37.94
-0.34,0.13,1.48,-79.53,39.37,-82.21,40.08,25.42,-37.94
0.05,0.38,0.14,-76.17,-61.34,-73.18,41.24,22.57,-37
0.25,0.66,-0.84,-51.33,-134.34,-51.03,41.24,22.57,-37
0.23,0.75,-1.27,-24.29,-158.45,-29.91,41.24,22.57,-37
0.1,0.7,-1.17,5,-134.77,-8.91,41.24,22.57,-37
-0.02,0.53,-0.7,72.75,5.98,19.1,41.24,22.57,-37
0.2,0.08,1.5,99.61,86.3,26.18,41.24,22.57,-37
-0.06,-0.23,2.82,106.87,142.33,31.13,40.33,25.01,-35.49
-0.12,-0.49,3.33,73.06,154.3,15.01,40.33,25.01,-35.49
-0.16,-0.4,2.97,14.77,111.88,11.05,40.33,25.01,-35.49
-0.16,-0.25,2.22,-23.32,30.88,6.04,40.33,25.01,-35.49
-0.15,-0,1.23,-46.2,-44.98,3.3,40.33,25.01,-35.49
-0.08,0.25,0.26,-65,-94.85,0.73,41.74,22.89,-36.05
-0.08,0.55,-0.57,-64.58,-117.74,-26.43,41.74,22.89,-36.05
-0.14,0.73,-1.11,-23.99,-74.77,-19.84,41.74,22.89,-36.05
-0.07,0.69,-1.44,6.29,-25.88,3.97,41.74,22.89,-36.05
0.11,-0.11,0.02,58.29,27.59,38.76,41.74,22.89,-36.05
0.01,-0.24,2.29,110.41,84.23,53.77,41.74,22.89,-36.05
-0.25,-0.4,3.61,109.5,128.6,46.88,42.07,24.88,-35.94
-0.18,-0.55,3.63,61.95,142.09,28.69,42.07,24.88,-35.94
-0.16,-0.46,2.89,7.14,100.83,-6.41,42.07,24.88,-35.94
-0.21,-0.06,1.99,-54.99,-44.92,-20.51,42.07,24.88,-35.94
-0.26,0.24,1.02,-70.25,-88.32,-23.07,42.07,24.88,-35.94
-0.13,0.69,-0.94,-67.87,-98.51,-15.93,41.99,22.96,-35.35
-0.17,0.83,-1.37,-48.22,-85.21,-13.98,41.99,22.96,-35.35
-0.19,0.69,-1.43,-7.57,-53.34,-13.67,41.99,22.96,-35.35
-0.01,0.14,-0.96,38.39,-7.45,5.55,41.99,22.96,-35.35
0.05,-0.19,0.68,86.49,58.78,32.65,41.99,22.96,-35.35
-0.14,-0.33,2.8,89.66,163.27,19.47,42.72,25.87,-35.34
-0.05,-0.66,3.48,21.79,133.97,9.58,42.72,25.87,-35.34
-0.01,-0.57,2.78,-25.57,61.28,19.04,42.72,25.87,-35.34
-0.23,-0.17,1.99,-52.67,-3.97,10.19,42.72,25.87,-35.34
-0.34,0.19,1.07,-71.53,-44.56,-7.02,42.72,25.87,-35.34
-0.19,0.49,-0.17,-81.48,-90.15,-23.19,42.72,25.87,-35.34
-0.26,0.9,-1.53,-47.3,-98.69,-15.93,42.79,21.94,-35.47
-0.41,0.83,-1.6,-11.9,-80.02,-10.07,42.79,21.94,-35.47
-0.22,0.3,-1.39,27.16,-39.73,3.91,42.79,21.94,-35.47
0.14,-0.11,-0.02,78.25,8.36,25.15,42.79,21.94,-35.47
-0.01,-0.36,2.25,119.45,60.55,36.32,42.79,21.94,-35.47
-0.21,-0.59,3.47,119.45,60.55,36.32,42.74,25.84,-35.75
0.09,-0.89,3.58,11.11,83.37,-2.44,42.74,25.84,-35.75
0,-0.33,2.8,-35.77,1.1,-11.84,42.74,25.84,-35.75
-0.15,-0.08,2.01,-60,-61.1,-6.1,42.74,25.84,-35.75
-0.22,0.35,0.75,-81.18,-83.92,-24.96,42.74,25.84,-35.75
0.04,0.68,-0.53,-82.58,-84.96,-38.39,42.19,23.25,-36.12
0.15,0.92,-1.29,-62.44,-87.1,-33.63,42.19,23.25,-36.12
0.04,0.98,-1.4,-33.87,-86.36,-24.23,42.19,23.25,-36.12
-0.14,0.77,-1.2,-5.43,-17.15,24.41,42.19,23.25,-36.12
-0.05,0.26,-0.68,-5.43,-17.15,24.41,42.19,23.25,-36.12
0.02,-0.16,2.74,105.83,84.29,55.97,42.19,23.25,-36.12
-0.15,-0.62,3.71,84.96,124.27,45.84,41.33,25.73,-35.61
-0.09,-0.76,3.62,30.46,116.88,20.63,41.33,25.73,-35.61
-0.2,-0.47,2.86,-31.62,56.64,0.67,41.33,25.73,-35.61
-0.22,-0.19,2.14,-63.72,-11.54,-1.34,41.33,25.73,-35.61
-0.34,0.26,1.2,-75.44,-48.95,-18.55,41.33,25.73,-35.61
-0.27,0.54,-0.1,-79.59,-60.85,-35.46,42.08,22.69,-35.4
-0.1,0.75,-1.08,-45.65,-66.53,-28.99,42.08,22.69,-35.4
-0.33,0.86,-1.31,-3.85,-65.19,-18.92,42.08,22.69,-35.4
-0.25,0.42,-0.91,37.11,-46.51,3.3,42.08,22.69,-35.4
-0.05,0.11,0.19,63.17,-10.86,32.23,42.08,22.69,-35.4
-0.17,-0.09,1.82,80.38,29.85,45.1,41.24,25.23,-34.66
-0.25,-0.47,2.87,67.44,79.9,44.56,41.24,25.23,-34.66
-0.24,-0.78,3.28,31.13,112.61,35.46,41.24,25.23,-34.66
0.05,-0.61,3.39,-58.29,34.67,4.39,41.24,25.23,-34.66
0.18,-0.2,3.02,-83.86,-17.03,17.33,41.24,25.23,-34.66
0.34,0.02,1.35,-97.84,-47.73,25.15,41.24,25.23,-34.66
0.34,0.02,1.35,-102.11,-48.83,-0.18,43.02,22.19,-36.85
-0.09,0.62,0.07,-105.83,-27.83,-42.85,43.02,22.19,-36.85
0.18,0.76,-0.51,-98.69,-31.62,-51.21,43.02,22.19,-36.85
0.12,0.73,-0.68,-79.83,-61.65,-32.71,43.02,22.19,-36.85
0.07,0.64,-0.59,-63.9,-76.72,-12.76,43.02,22.19,-36.85
-0,0.57,-0.17,-49.74,-69.03,7.57,42.15,19.12,-36.69
-0.14,0.36,0.98,-1.34,4.64,21.67,42.15,19.12,-36.69
-0.14,0.36,0.98,-5,29.24,25.94,42.15,19.12,-36.69
-0.18,0.1,0.8,-27.22,40.89,34.79,42.15,19.12,-36.69
-0.18,0.1,0.8,-41.75,44.92,47.06,42.15,19.12,-36.69
0.01,0.02,0.85,-43.76,45.84,61.1,42.15,19.12,-36.69
0.09,0.11,0.54,-36.07,45.47,82.21,44.53,19.35,-38.96
0.15,0.12,0.41,-15.38,29.24,101.81,44.53,19.35,-38.96
-0.12,-0.16,0.71,-2.2,10.07,106.14,44.53,19.35,-38.96
-0.33,-0.06,1.08,2.69,8.42,92.04,44.53,19.35,-38.96
-0.16,0.02,1.3,12.57,17.09,68.05,44.53,19.35,-38.96
0.1,0.02,1.24,9.09,29.11,53.16,44.53,19.35,-38.96
0.19,0.1,0.96,-11.72,38.88,51.94,46.29,19.81,-39.32
0.06,0.09,0.88,-15.01,44.8,57.62,46.29,19.81,-39.32
-0.3,0.06,0.98,-8.48,56.95,49.68,46.29,19.81,-39.32
-0.3,0.12,1.07,-3.23,64.27,36.13,46.29,19.81,-39.32
-0.31,0.19,1.21,5.19,61.65,21.18,46.29,19.81,-39.32
-0.33,0.17,1.41,13.37,51.88,5.37,48.67,19.45,-41.99
-0.37,0.13,1.56,13.67,33.08,-28.87,48.67,19.45,-41.99
-0.57,0.05,1.45,-7.26,34.73,-40.89,48.67,19.45,-41.99
-0.5,0.07,1.29,-15.5,35.83,-41.81,48.67,19.45,-41.99
-0.61,0.23,1.1,-22.95,21.36,-10.5,48.67,19.45,-41.99
-0.56,0.24,0.95,-29.54,16.11,8.42,49.71,17.92,-43.29
-0.7,0.21,0.89,-28.56,19.84,5.07,49.71,17.92,-43.29
-0.95,0.17,0.88,-22.64,27.59,-2.5,49.71,17.92,-43.29
-1.11,0.18,0.88,-15.99,24.72,-29.54,49.71,17.92,-43.29
-1.16,0.16,0.93,-16.54,6.35,-36.68,49.71,17.92,-43.29
-1.19,0.08,1.05,-24.35,5.68,-46.45,47.12,18.04,-40.36
-1.21,-0.08,1.09,-39.12,36.13,-68.3,47.12,18.04,-40.36
-0.98,-0.22,0.97,-56.52,82.95,-99.91,47.12,18.04,-40.36
-0.29,-0.15,0.79,-65.92,122.01,-144.53,47.12,18.04,-40.36
0.75,0.52,0.6,-28.08,63.23,-135.07,47.12,18.04,-40.36
2.44,0.71,0.91,-3.17,-14.95,-109.19,45.83,18.52,-37.61
2.96,0.95,1.1,-0.43,-60.73,-78.55,45.83,18.52,-37.61
3.34,1.12,0.99,-5.43,-68.79,-46.57,45.83,18.52,-37.61
3.43,1.18,0.61,6.96,-61.52,5.25,45.83,18.52,-37.61
3.04,0.98,0.28,49.74,-73.67,124.45,45.83,18.52,-37.61
1.03,0.3,-0.06,73.43,-74.22,167.72,45.83,18.52,-37.61
-0.24,-0.12,0.08,95.58,-73.79,188.29,45.7,18.87,-39.22
-1.44,-0.51,0.62,107.91,-62.93,182.07,45.7,18.87,-39.22
-2.69,-0.75,1.27,91,-39.43,156.31,45.7,18.87,-39.22
-3.68,-0.86,1.61,50.05,6.65,108.09,45.7,18.87,-39.22
-4,-0.77,1.82,8.79,49.74,43.82,45.7,18.87,-39.22
-4,-0.68,1.98,-61.22,128.97,-78.67,49.98,17.66,-41.38
-2.6,-0.42,1.29,-86.85,143.07,-127.81,49.98,17.66,-41.38
-0.96,-0.19,1.19,-78.61,127.32,-164.86,49.98,17.66,-41.38
0.68,0.02,1.04,-68.12,99.3,-179.63,49.98,17.66,-41.38
2.56,0.52,0.91,-87.16,76.6,-181.95,49.98,17.66,-41.38
3.78,0.99,0.49,-100.04,41.08,-152.95,47.46,17.61,-39.06
4,1.46,-0.15,-74.4,28.32,-106.99,47.46,17.61,-39.06
4,1.13,-1.08,13.92,-21.42,79.16,47.46,17.61,-39.06
3.04,0.59,-0.78,66.1,-69.21,171.75,47.46,17.61,-39.06
1.23,-0.05,-0.14,118.65,-88.68,233.4,47.46,17.61,-39.06
-0.68,-0.53,0.57,132.32,-75.74,249.57,51.83,17.02,-43.08
-2.36,-0.77,2.05,91,11.17,179.99,51.83,17.02,-43.08
-4,-0.97,2.77,58.17,35.71,112.12,51.83,17.02,-43.08
-4,-0.7,3.23,14.28,47.3,29.79,51.83,17.02,-43.08
-4,-0.68,3.05,-40.53,59.27,-37.9,51.83,17.02,-43.08
-3.93,-0.77,2.67,-93.51,75.62,-99.73,51.83,17.02,-43.08
-2.03,-0.5,2.4,-116.58,75.38,-161.62,52.69,16.71,-40.84
0.14,-0.26,1.77,-118.29,47.49,-203.67,52.69,16.71,-40.84
3.93,0.68,-0.28,-134.28,47.67,-190.8,52.69,16.71,-40.84
4,1.21,-1.43,-113.77,24.78,-146,52.69,16.71,-40.84
4,1.5,-2.07,-48.28,-35.64,-64.94,52.69,16.71,-40.84
4,1.3,-2.24,17.4,-92.77,48.83,49.66,16.13,-39.07
3.91,0.77,-1.86,62.62,-105.77,145.08,49.66,16.13,-39.07
2.33,0.21,-1.06,117.43,-90.09,249.45,49.66,16.13,-39.07
-1.56,-0.89,1.31,167.11,-66.77,251.4,49.66,16.13,-39.07
-3.45,-1.08,2.23,143.62,-33.51,219.6,49.66,16.13,-39.07
-4,-1.07,2.94,101.2,0.18,156.62,59.03,14.97,-46.11
-4,-0.9,3.32,53.16,16.91,77.7,59.03,14.97,-46.11
-4,-0.79,3.38,2.62,20.87,0.31,59.03,14.97,-46.11
-4,-0.87,3.32,-91.13,51.7,-138.43,59.03,14.97,-46.11
-1.17,-0.65,2.34,-129.15,84.84,-193.24,59.03,14.97,-46.11
1.19,-0.38,1.26,-158.33,102.05,-216.49,51.2,15.72,-39.82
3.35,0.27,-0.14,-171.26,84.47,-214.11,51.2,15.72,-39.82
4,0.82,-1.39,-153.44,38.21,-179.44,51.2,15.72,-39.82
4,1.48,-2.35,-105.83,-39.98,-116.21,51.2,15.72,-39.82
4,1.58,-2.89,36.8,-142.4,114.5,51.2,15.72,-39.82
4,1.11,-1.59,119.08,-104.61,191.16,49.44,15.71,-39.79
1.09,-0.31,-0.45,168.88,-69.95,229.8,49.44,15.71,-39.79
-0.87,-0.72,0.72,173.83,-57.68,250.61,49.44,15.71,-39.79
-2.72,-0.98,1.94,158.57,-33.14,239.32,49.44,15.71,-39.79
-4,-1.03,3.03,126.83,-3.78,184.2,49.44,15.71,-39.79
-4,-0.85,3.69,75.44,48.16,26.98,49.44,15.71,-39.79
-4,-0.71,3.88,75.44,48.16,26.98,62.13,12.38,-46.11
-4,-0.56,3.67,-83.68,58.23,-102.54,62.13,12.38,-46.11
-1.67,-0.53,2.64,-109.56,55.97,-144.17,62.13,12.38,-46.11
0.27,-0.32,1.5,-133.36,49.74,-165.34,62.13,12.38,-46.11
2,0.1,0.15,-151.55,46.63,-170.9,62.13,12.38,-46.11
3.03,0.55,-0.94,-143.31,29.42,-160.4,50.61,14.88,-38.17
3.66,0.93,-1.49,-95.46,-53.47,-73.18,50.61,14.88,-38.17
3.69,1.09,-1.77,-95.46,-53.47,-73.18,50.61,14.88,-38.17
3.16,0.99,-1.87,64.27,-69.89,73.61,50.61,14.88,-38.17
1.52,0.34,-0.61,133.12,-39.43,106.32,50.61,14.88,-38.17
0.63,-0.08,0.3,157.53,-18.55,126.46,50.18,17.14,-39.03
-0.35,-0.38,1.2,146.18,-19.04,127.44,50.18,17.14,-39.03
-1.14,-0.27,1.87,109.62,-26.73,111.15,50.18,17.14,-39.03
-1.54,-0.19,2.18,71.84,-22.4,102.36,50.18,17.14,-39.03
-1.73,-0.18,2.29,45.84,-11.9,76.05,50.18,17.14,-39.03
-1.67,-0.11,2.31,22.52,-1.65,43.58,50.18,17.14,-39.03
-1.02,0.13,1.84,-25.94,-1.95,-7.26,53.38,17.32,-42.41
-0.75,0.24,1.55,-38.15,-11.17,-20.81,53.38,17.32,-42.41
-0.45,0.27,1.3,-42.48,-12.94,-25.27,53.38,17.32,-42.41
-0.15,0.28,1.05,-47.18,-4.52,-30.82,53.38,17.32,-42.41
0.15,0.44,0.57,-48.16,6.04,-26.31,53.38,17.32,-42.41
0.2,0.41,0.62,-29.6,16.97,-25.57,51.34,15.72,-40.53
0.11,0.41,0.7,-19.53,20.2,-21.42,51.34,15.72,-40.53
0,0.35,0.79,-16.42,24.66,-14.47,51.34,15.72,-40.53
-0.06,0.31,0.85,-15.5,33.39,-6.59,51.34,15.72,-40.53
-0.11,0.28,0.84,-15.5,33.39,-6.59,51.34,15.72,-40.53
-0.14,0.23,0.83,-27.04,74.28,-15.63,52.6,15.04,-39.51
0.01,0.3,0.94,-27.83,82.34,-19.53,52.6,15.04,-39.51
0.02,0.3,0.91,-31.25,78.98,-20.14,52.6,15.04,-39.51
-0.02,0.34,0.79,-34,72.45,-19.84,52.6,15.04,-39.51
0,0.41,0.64,-31.62,66.89,-20.69,52.6,15.04,-39.51
0.1,0.4,0.51,-25.51,62.32,-22.77,54.44,14.78,-39.37
0.09,0.43,0.52,-5.68,56.88,-19.29,54.44,14.78,-39.37
0.03,0.43,0.56,22.22,43.33,-5.43,54.44,14.78,-39.37
-0.1,0.39,0.87,62.19,34.24,-4.03,54.44,14.78,-39.37
0.1,0.36,1,60.24,13.98,-4.09,54.44,14.78,-39.37
0.23,0.32,1.61,59.08,7.08,-0.37,54.44,14.78,-39.37
0.16,0.28,1.99,36.8,6.29,6.59,54.53,17.13,-40.45
-0.05,0.37,1.94,-13.18,21.3,20.94,54.53,17.13,-40.45
0.08,0.32,1.71,-10.8,20.51,20.39,54.53,17.13,-40.45
0.11,0.37,1.74,-4.15,13.12,21.36,54.53,17.13,-40.45
0.1,0.41,1.79,-1.95,11.84,17.76,54.53,17.13,-40.45
0.13,0.44,1.8,-3.78,18.43,9.28,55.68,16.7,-39.67
0.16,0.46,1.75,-12.7,25.57,-0.18,55.68,16.7,-39.67
0.18,0.47,1.71,-28.93,34.3,-8.67,55.68,16.7,-39.67
0.3,0.5,1.71,-36.38,33.87,-7.57,55.68,16.7,-39.67
0.34,0.48,1.76,-42.42,28.2,-3.48,55.68,16.7,-39.67
0.26,0.41,1.75,-55.3,24.48,-2.81,55.3,14.51,-38.09
0.09,0.25,1.52,-77.58,24.48,-7.57,55.3,14.51,-38.09
0.09,0.16,1.11,-94.6,23.38,-9.4,55.3,14.51,-38.09
0.21,0.14,0.71,-97.35,10.19,-3.91,55.3,14.51,-38.09
0.14,0.02,0.45,-89.6,-32.41,18.37,55.3,14.51,-38.09
-0.09,-0.54,-0.12,-97.17,-41.38,19.9,54.16,9.57,-41.09
-0.08,-0.87,-0.52,-108.03,-24.41,15.5,54.16,9.57,-41.09
0.17,-1.08,-1.01,-100.1,1.95,2.14,54.16,9.57,-41.09
0.54,-1.02,-1.29,-16.11,-5,-10.44,54.16,9.57,-41.09
0.51,-0.76,-0.74,11.54,-27.47,-10.25,54.16,9.57,-41.09
0.29,-0.74,-0.45,16.91,-36.68,-9.4,53.39,8.11,-40.53
0.24,-0.71,-0.16,13.98,-36.62,-14.77,53.39,8.11,-40.53
0.28,-0.58,0.1,11.6,-17.09,-28.44,53.39,8.11,-40.53
0.27,-0.35,0.49,14.71,-2.08,-36.01,53.39,8.11,-40.53
0.15,-0.13,0.81,22.58,10.44,-44.37,53.39,8.11,-40.53
0.03,0.13,1.14,31.74,21.3,-51.57,53.13,9.05,-37.29
-0.01,0.39,1.32,34.67,33.45,-62.01,53.13,9.05,-37.29
-0.02,0.73,1.3,31.92,50.29,-82.7,53.13,9.05,-37.29
0.03,1.07,1.2,31.92,50.29,-82.7,53.13,9.05,-37.29
0.11,1.37,1.07,27.47,40.89,-83.74,53.13,9.05,-37.29
0.11,1.37,1.07,25.88,45.23,-81.85,53.13,9.05,-37.29
0.2,2.01,1.1,20.57,60.97,-81.73,52.42,9.72,-35.45
0.37,2.15,1.06,12.45,78.74,-79.59,52.42,9.72,-35.45
0.74,2.25,1.09,7.08,88.75,-71.04,52.42,9.72,-35.45
0.83,2.3,1.13,5.07,69.89,-62.01,52.42,9.72,-35.45
0.75,2.34,1.31,-0.67,16.42,-25.7,52.42,9.72,-35.45
0.5,2.28,1.58,6.16,-80.2,32.84,53.22,9.62,-35.89
0.14,1.79,2.02,20.26,-47.61,45.1,53.22,9.62,-35.89
0.01,1.48,1.89,2.56,-26,59.02,53.22,9.62,-35.89
-0.2,1.22,1.68,-22.09,-26.43,71.9,53.22,9.62,-35.89
-0.44,0.92,1.51,-31.19,-35.52,74.58,53.22,9.62,-35.89
-0.65,0.57,1.41,-35.46,-47,64.15,54.05,10.05,-37.26
-0.85,0.12,0.93,-49.93,-41.2,56.52,54.05,10.05,-37.26
-0.77,-0.17,0.68,-45.47,-39.61,48.16,54.05,10.05,-37.26
-0.57,-0.45,0.46,-35.16,-43.58,39.55,54.05,10.05,-37.26
-0.22,-0.71,0.56,-20.51,-48.65,26.92,54.05,10.05,-37.26
0.07,-0.77,0.83,-11.54,-44.49,12.7,53.2,9.81,-39.4
0.35,-0.98,1.07,-13.49,-11.9,-7.02,53.2,9.81,-39.4
0.35,-0.98,1.07,-13.92,-6.96,-4.52,53.2,9.81,-39.4
0.31,-1.08,1.02,-13.67,-10.5,-7.32,53.2,9.81,-39.4
0.28,-1.05,0.99,-15.26,-18.49,-14.22,53.2,9.81,-39.4
0.23,-0.98,0.9,-15.44,-32.9,-20.69,53.2,9.81,-39.4
0.13,-0.89,0.73,-13.12,-50.66,-26.18,51.72,8.94,-39.99
0.04,-0.8,0.5,-9.64,-59.08,-46.63,51.72,8.94,-39.99
0.18,-0.47,0.04,-6.35,-47,-63.54,51.72,8.94,-39.99
0.51,-0.22,-0.09,3.85,-30.21,-80.38,51.72,8.94,-39.99
0.91,0.07,-0.2,15.14,-13.18,-90.76,51.72,8.94,-39.99
1.22,0.36,-0.36,19.41,2.32,-93.26,49.52,9.67,-41.05
1.57,0.63,-0.59,24.11,19.35,-90.7,49.52,9.67,-41.05
1.96,0.96,-0.76,36.99,59.45,-64.7,49.52,9.67,-41.05
2.13,1.28,-0.75,36.99,59.45,-64.7,49.52,9.67,-41.05
1.99,1.46,-0.5,111.63,67.44,-5.74,49.52,9.67,-41.05
1.6,1.51,-0.07,131.53,76.23,17.7,51.33,13.06,-37.7
0.7,1.44,1.18,146.67,79.77,37.66,51.33,13.06,-37.7
0.14,1.31,1.74,150.33,72.88,55.79,51.33,13.06,-37.7
-0.31,1.16,2.22,142.21,60.36,66.53,51.33,13.06,-37.7
-0.64,1.14,2.66,126.4,47.49,69.4,51.33,13.06,-37.7
-0.79,0.87,2.83,107.12,40.16,67.38,51.33,13.06,-37.7
-0.85,0.89,3.01,63.29,-3.85,42.18,56.93,16.43,-35.78
-1.07,0.78,2.96,28.56,-54.44,62.62,56.93,16.43,-35.78
-1.05,0.64,2.77,-1.59,-56.03,66.22,56.93,16.43,-35.78
-1.04,0.52,2.62,-15.26,-26.86,55.36,56.93,16.43,-35.78
-0.76,0.29,1.94,-33.02,-1.71,39.67,56.93,16.43,-35.78
-0.62,0.22,1.65,-48.46,5.86,27.34,56.68,16.19,-36.8
-0.47,0.14,1.46,-56.52,1.34,19.29,56.68,16.19,-36.8
-0.36,0.05,1.3,-59.2,-9.58,12.08,56.68,16.19,-36.8
-0.35,-0.02,1.17,-59.14,-29.85,4.52,56.68,16.19,-36.8
-0.32,-0.17,0.87,-42.42,-78.67,-0.79,56.68,16.19,-36.8
-0.2,-0.15,0.85,-26.73,-111.57,2.93,51.73,15.2,-38.06
-0.06,-0.19,0.87,-12.88,-126.77,2.38,51.73,15.2,-38.06
0.03,-0.32,0.78,-10.44,-128.11,-6.41,51.73,15.2,-38.06
0.11,-0.36,0.68,-16.11,-116.33,-21.55,51.73,15.2,-38.06
0.19,-0.3,0.61,-16.05,-44.19,-58.9,51.73,15.2,-38.06
0.29,-0.28,0.57,-15.01,-7.14,-67.02,51.73,15.2,-38.06
0.52,-0.26,0.2,-10.44,10.44,-62.81,48.75,13.35,-40.55
0.54,-0.28,0.07,6.59,11.23,-51.39,48.75,13.35,-40.55
0.65,-0.35,0.08,27.34,0.37,-40.89,48.75,13.35,-40.55
0.85,-0.4,0.22,40.65,-14.4,-31.37,48.75,13.35,-40.55
0.93,-0.42,0.29,46.39,-23.62,-12.76,48.75,13.35,-40.55
1.04,-0.46,0.36,31.8,-15.63,27.77,48.16,14.47,-39.56
1.03,-0.54,0.37,24.29,-10.25,42.97,48.16,14.47,-39.56
0.97,-0.53,0.35,19.04,-7.45,56.27,48.16,14.47,-39.56
0.83,-0.52,0.37,19.47,-7.51,66.77,48.16,14.47,-39.56
0.55,-0.5,0.41,25.45,1.16,51.33,48.16,14.47,-39.56
0.36,-0.3,0.53,29.24,18.74,26.61,48.14,15.2,-38.21
-0.03,0.59,1.14,27.53,43.58,4.82,48.14,15.2,-38.21
-0.25,0.97,1.25,21,62.32,-12.08,48.14,15.2,-38.21
-0.31,1.23,1.28,18.01,51.03,-21.06,48.14,15.2,-38.21
-0.21,1.48,1.32,16.78,21.12,-20.2,48.14,15.2,-38.21
-0.14,1.7,1.34,8.36,-6.77,-13.67,49.43,14.81,-36.78
-0.25,1.76,1.38,-5.07,-22.64,-2.87,49.43,14.81,-36.78
-0.4,1.72,1.46,-5.92,-14.4,5,49.43,14.81,-36.78
-0.5,1.65,1.53,-15.32,1.28,13.12,49.43,14.81,-36.78
-0.55,1.54,1.5,-34.73,26.55,15.2,49.43,14.81,-36.78
-0.61,1.12,1.33,-35.89,25.21,14.77,49.54,14.16,-37.04
-0.79,0.9,1.29,-37.84,17.21,12.7,49.54,14.16,-37.04
-0.9,0.69,1.2,-40.83,11.9,7.87,49.54,14.16,-37.04
-0.66,0.41,1.06,-38.7,14.16,1.34,49.54,14.16,-37.04
-0.57,0.06,0.9,-32.78,-13.85,-2.14,49.54,14.16,-37.04
-0.48,-0.13,0.83,-26.25,-53.59,6.65,49.17,13.67,-40.15
0.18,-0.57,0.58,-5.37,-52.19,0.37,49.17,13.67,-40.15
0.59,-0.74,0.45,3.78,-30.7,-7.69,49.17,13.67,-40.15
0.94,-0.9,0.44,19.71,-10.68,-11.35,49.17,13.67,-40.15
1.14,-0.98,0.65,32.59,-2.01,-8.3,49.17,13.67,-40.15
1.05,-0.97,0.93,38.27,0.73,0.73,48.73,14.2,-38.72
0.81,-0.86,0.95,23.56,10.07,15.14,48.73,14.2,-38.72
0.15,-0.83,0.63,11.72,1.53,11.72,48.73,14.2,-38.72
-0.04,-0.69,0.36,13.85,-21.36,9.34,48.73,14.2,-38.72
-0.16,-0.49,0.38,29.54,-59.27,5,48.73,14.2,-38.72
-0.24,-0.2,0.56,42.42,-86.79,-3.17,48.73,14.2,-38.72
-0.23,0.07,0.74,32.71,-70.98,-25.45,46.94,15.27,-37.04
-0.25,0.79,0.96,40.16,-40.77,-39.49,46.94,15.27,-37.04
-0.2,1.14,0.97,34.73,-7.51,-47.3,46.94,15.27,-37.04
-0.08,1.49,0.94,27.34,18.8,-53.96,46.94,15.27,-37.04
0.02,1.76,0.97,24.72,35.03,-54.99,46.94,15.27,-37.04
0.02,1.99,1.03,26.49,45.17,-41.14,47.45,15.44,-37
0.08,2.26,1.32,31.13,38.76,-21.3,47.45,15.44,-37
-0.06,2.18,1.54,35.16,13.61,4.94,47.45,15.44,-37
-0.21,1.96,1.76,33.94,-11.23,28.14,47.45,15.44,-37
-0.41,1.71,1.94,23.44,-28.02,42.85,47.45,15.44,-37
-0.68,1.4,2,7.75,-30.33,49.68,47.81,17.2,-35.94
-0.92,0.96,1.78,-15.81,-25.45,52.73,47.81,17.2,-35.94
-1.12,0.5,1.33,-42.18,-20.08,57.01,47.81,17.2,-35.94
-1.17,-0.14,0.71,-42.18,-20.08,57.01,47.81,17.2,-35.94
-0.95,-0.88,0.21,-54.14,-51.09,32.41,47.81,17.2,-35.94
-0.39,-1.47,0.08,-54.14,-51.09,32.41,47.81,17.2,-35.94
0.38,-1.78,0.35,14.4,-57.13,6.65,46.06,17.3,-39.27
1.22,-2.25,1.3,12.57,-33.81,9.52,46.06,17.3,-39.27
1.2,-2.21,1.48,-0.37,1.53,14.28,46.06,17.3,-39.27
1.02,-2.1,1.3,-20.57,24.78,14.89,46.06,17.3,-39.27
0.76,-1.94,0.91,-38.21,19.47,14.77,46.06,17.3,-39.27
0.35,-1.73,0.44,-41.02,-5.55,13.31,46.18,15.38,-40.23
-0.14,-1.38,0.04,-33.94,-25.88,7.26,46.18,15.38,-40.23
-0.29,-0.81,-0.06,9.46,-43.64,-32.17,46.18,15.38,-40.23
-0.25,-0.13,0.03,32.78,-40.1,-45.17,46.18,15.38,-40.23
-0.21,1.23,0.48,47.3,-37.66,-52.98,46.18,15.38,-40.23
-0.21,1.23,0.48,55.36,-34.73,-54.63,46.18,15.38,-40.23
-0.39,2.33,0.96,58.96,-23.19,-58.17,45.31,15.22,-36.54
-0.31,2.67,1.24,61.77,-0.12,-62.07,45.31,15.22,-36.54
-0.27,2.88,1.56,38.33,49.74,-40.22,45.31,15.22,-36.54
-0.26,2.93,1.86,19.17,51.76,-17.09,45.31,15.22,-36.54
-0.31,2.6,1.85,8.48,29.6,9.46,45.31,15.22,-36.54
-0.31,2.3,1.92,3.3,-4.03,32.96,45.54,16.02,-36.84
-0.35,1.91,1.99,-5.19,-28.81,50.29,45.54,16.02,-36.84
-0.45,1.36,1.82,-24.72,-42.11,63.42,45.54,16.02,-36.84
-0.66,0.73,1.37,-52,-49.74,69.89,45.54,16.02,-36.84
-0.77,0.07,0.81,-80.63,-55.85,53.47,45.54,16.02,-36.84
-0.07,-1.38,-0.05,-68.91,-52.8,35.71,44.36,16.48,-38.15
0.4,-1.91,0.1,-43.52,-40.59,23.99,44.36,16.48,-38.15
0.77,-2.21,0.56,-19.23,-14.65,14.59,44.36,16.48,-38.15
1.02,-2.32,0.92,-9.34,24.48,7.69,44.36,16.48,-38.15
1.14,-2.35,1.18,-14.59,77.03,10.56,44.36,16.48,-38.15
0.92,-2.25,1.28,-26.31,60.73,9.16,45.84,15.84,-39.65
0.07,-1.59,0.73,-24.35,35.16,0.92,45.84,15.84,-39.65
-0.15,-1.06,0.47,-13.12,0.92,-16.11,45.84,15.84,-39.65
-0.22,-0.43,0.42,-3.3,-29.79,-32.1,45.84,15.84,-39.65
-0.42,0.3,0.5,13.49,-24.48,-52.92,45.84,15.84,-39.65
-0.51,1.01,0.59,13.49,-24.48,-52.92,45.2,14.69,-37.78
-0.51,1.73,0.94,59.88,-2.87,-64.39,45.2,14.69,-37.78
-0.51,1.73,0.94,73.24,-4.94,-60.18,45.2,14.69,-37.78
-0.4,2.74,1.57,80.26,-3.36,-47.55,45.2,14.69,-37.78
-0.37,2.71,1.78,65.49,-0.31,-23.19,45.2,14.69,-37.78
-0.42,2.56,1.81,36.62,-0.73,0.98,45.2,14.69,-37.78
-0.46,2.35,1.82,22.09,0.24,15.32,44.56,16.39,-36.78
-0.41,2.04,1.85,14.59,-3.72,28.5,44.56,16.39,-36.78
-0.31,1.6,1.81,0.98,-10.31,40.59,44.56,16.39,-36.78
-0.34,1.03,1.62,-37.17,-35.03,59.33,44.56,16.39,-36.78
-0.4,-0.22,0.71,-51.7,-55.79,61.22,44.56,16.39,-36.78
0.02,-0.86,0.61,-51.88,-71.35,57.5,43.2,17.94,-39.22
0.31,-1.41,0.56,-49.5,-67.57,52.31,43.2,17.94,-39.22
0.52,-1.92,0.46,-48.28,-28.63,31.56,43.2,17.94,-39.22
0.7,-1.97,0.61,-23.86,2.75,18.74,43.2,17.94,-39.22
0.7,-1.97,0.61,-14.65,20.2,12.21,43.2,17.94,-39.22
0.4,-1.66,0.59,-21.12,26.61,6.47,43.43,15.54,-38
0.1,-1.34,0.45,-24.54,19.41,-1.4,43.43,15.54,-38
-0.06,-0.82,0.33,-18.37,2.2,-14.71,43.43,15.54,-38
-0.07,-0.26,0.28,-9.83,-12.94,-29.66,43.43,15.54,-38
-0.04,0.34,0.24,-0.67,-17.88,-37.84,43.43,15.54,-38
-0.08,0.85,0.31,13.55,-13.49,-36.5,43.43,15.54,-38
-0.12,1.24,0.47,45.65,-1.83,-11.96,43.42,14.66,-37.6
-0.31,1.66,0.92,44.49,-2.08,4.64,43.42,14.66,-37.6
-0.56,1.65,1.18,50.54,-1.83,20.45,43.42,14.66,-37.6
-0.81,1.61,1.41,51.21,-6.04,29.85,43.42,14.66,-37.6
-0.89,1.57,1.66,46.26,-15.38,34,43.42,14.66,-37.6
-1.01,1.47,1.74,39.18,-20.51,41.75,42.77,16.67,-37
-1.23,1.05,1.77,10.86,-40.53,32.84,42.77,16.67,-37
-1.16,0.87,1.76,-2.2,-40.83,24.54,42.77,16.67,-37
-1.1,0.63,1.55,-20.32,-33.87,18.37,42.77,16.67,-37
-1.08,0.4,1.24,-41.93,-24.48,10.62,42.77,16.67,-37
-0.98,0.16,0.96,-59.02,-13.43,-1.04,42.2,16.55,-37.55
-0.75,-0.03,0.53,-62.26,-7.75,-27.1,42.2,16.55,-37.55
0.03,-0.26,0.56,-48.03,-10.31,-34.18,42.2,16.55,-37.55
0.59,-0.26,0.62,-32.53,-4.46,-38.39,42.2,16.55,-37.55
1.2,-0.3,0.92,-17.82,3.3,-40.34,42.2,16.55,-37.55
1.5,-0.22,1.22,-13.49,9.34,-32.59,41.1,15.09,-39.4
1.58,-0.12,1.21,-21.91,15.08,1.4,41.1,15.09,-39.4
1.54,-0.09,0.56,-19.53,-0.06,19.71,41.1,15.09,-39.4
1.37,-0.02,0.27,-10.5,-20.75,38.94,41.1,15.09,-39.4
1.06,0.03,0.11,5.07,-34.55,60.3,41.1,15.09,-39.4
0.68,0.14,0.07,22.71,-33.57,79.35,41.49,15.98,-39.07
0.25,0.21,0.16,38.57,-24.05,91.74,41.49,15.98,-39.07
-0.23,0.26,0.43,67.26,7.87,99.98,41.49,15.98,-39.07
-0.74,0.38,0.81,73.18,21.48,97.53,41.49,15.98,-39.07
-1.55,0.46,1.75,67.69,31.49,84.96,41.49,15.98,-39.07
-1.55,0.46,1.75,53.71,40.95,67.87,41.49,15.98,-39.07
-1.8,0.56,2.51,29.48,44.49,50.78,45.58,17.52,-39.51
-1.8,0.58,2.48,2.56,41.5,35.71,45.58,17.52,-39.51
-1.76,0.59,2.31,-22.89,26.73,19.71,45.58,17.52,-39.51
-1.56,0.6,2.19,-41.44,18.55,-0.18,45.58,17.52,-39.51
-1.29,0.6,2.04,-55.3,44.98,-33.75,45.58,17.52,-39.51
-0.79,0.49,1.6,-81.97,54.32,-43.7,45.95,15.36,-38.34
-0.54,0.39,1.31,-84.11,54.26,-47.36,45.95,15.36,-38.34
-0.26,0.28,1.03,-79.47,39.12,-46.02,45.95,15.36,-38.34
0.01,0.16,0.75,-72.63,14.71,-41.26,45.95,15.36,-38.34
0.23,0.03,0.44,-66.96,-8,-36.44,45.95,15.36,-38.34
0.39,-0.11,0.14,-61.4,-23.62,-31.07,42.48,13.02,-40.8
0.55,-0.33,-0.54,-47.36,-18.55,-14.71,42.48,13.02,-40.8
0.57,-0.4,-0.86,-29.11,-18.13,-2.5,42.48,13.02,-40.8
0.54,-0.42,-1.04,-5.74,-31.19,7.02,42.48,13.02,-40.8
0.43,-0.43,-1.1,17.4,-44.74,13.43,42.48,13.02,-40.8
0.27,-0.4,-1.08,38.51,-49.19,18.55,42.48,13.02,-40.8
0.13,-0.33,-0.98,57.37,-41.5,21.91,41.11,13.1,-39.5
-0.06,-0.26,-0.82,84.11,-1.71,19.71,41.11,13.1,-39.5
-0.23,-0.12,-0.62,96.92,15.75,16.78,41.11,13.1,-39.5
-0.4,0.1,0.15,111.08,24.78,13.98,41.11,13.1,-39.5
-0.4,0.1,0.15,118.16,32.41,8.18,41.11,13.1,-39.5
-0.71,0.32,1.54,113.95,43.52,2.56,43.2,17.04,-38.85
-0.68,0.47,2.25,102.6,56.21,-2.01,43.2,17.04,-38.85
-0.51,0.56,2.92,90.33,64.58,-7.75,43.2,17.04,-38.85
-0.36,0.68,3.5,76.54,61.95,-13.43,43.2,17.04,-38.85
-0.19,0.8,3.86,54.63,60,-24.6,43.2,17.04,-38.85
-0.05,0.88,3.87,54.63,60,-24.6,43.2,17.04,-38.85
0.09,0.85,3.67,-32.29,47.91,-22.22,45.61,19.47,-39.18
0.24,0.64,2.94,-47.24,46.26,-18.8,45.61,19.47,-39.18
0.13,0.52,2.57,-74.16,2.87,-19.59,45.61,19.47,-39.18
0.15,0.35,2.07,-84.41,-20.39,-13,45.61,19.47,-39.18
0.08,0.15,1.51,-87.16,-39.55,-5.92,45.61,19.47,-39.18
-0.03,-0.02,0.91,-92.96,-63.05,-0.18,43.52,15.76,-38.05
-0.1,-0.22,-0.25,-106.02,-85.75,8.79,43.52,15.76,-38.05
-0.1,-0.22,-0.25,-101.62,-76.23,12.94,43.52,15.76,-38.05
-0.2,-0.36,-1.2,-87.1,-59.33,16.17,43.52,15.76,-38.05
-0.24,-0.34,-1.47,-64.58,-41.93,18.74,43.52,15.76,-38.05
-0.25,-0.33,-1.68,-42.91,-22.71,16.54,40.95,11.73,-38.99
-0.24,-0.27,-1.87,-18.86,-8,13.85,40.95,11.73,-38.99
-0.25,-0.16,-1.97,10.68,0.12,7.26,40.95,11.73,-38.99
-0.3,-0.09,-1.85,42.79,4.76,0.73,40.95,11.73,-38.99
-0.38,-0.05,-1.52,93.51,28.02,-4.21,40.95,11.73,-38.99
-0.37,0.04,-0.42,108.4,39.67,-5.43,40.95,11.73,-38.99
-0.26,0.09,0.51,119.02,44.68,-7.2,42.79,15.25,-39.16
-0.12,0.19,1.48,125.61,48.28,-9.22,42.79,15.25,-39.16
0.02,0.27,2.5,129.7,53.71,-8.06,42.79,15.25,-39.16
0.09,0.37,3.44,121.09,57.92,-8.24,42.79,15.25,-39.16
0.03,0.52,4,99,64.64,-10.19,42.79,15.25,-39.16
0,0.65,4,70.92,75.68,-17.03,45.85,20.56,-37.87
-0.07,0.54,3.94,5.25,60.3,-20.26,45.85,20.56,-37.87
-0.14,0.58,3.47,-25.76,40.83,-16.3,45.85,20.56,-37.87
-0.16,0.51,2.99,-53.53,20.57,-12.82,45.85,20.56,-37.87
-0.19,0.4,2.47,-76.23,-1.89,-12.88,45.85,20.56,-37.87
-0.2,0.3,1.95,-100.4,-56.15,-11.17,44.54,16.67,-38.33
-0.08,0.1,0.92,-107.67,-71.23,-10.19,44.54,16.67,-38.33
-0.05,-0.05,0.29,-108.58,-64.09,-6.53,44.54,16.67,-38.33
-0.13,-0.17,-0.27,-115.91,-69.95,-5.19,44.54,16.67,-38.33
-0.1,-0.16,-0.78,-109.5,-50.9,-13.55,44.54,16.67,-38.33
-0.08,-0.14,-1.2,-94.3,-35.77,-8.61,41.71,12.52,-39.49
-0.07,-0.12,-1.76,-51.27,-23.13,-3.36,41.71,12.52,-39.49
-0.04,-0.02,-1.89,-19.1,-10.74,-9.09,41.71,12.52,-39.49
-0.04,0.05,-2.01,6.47,7.2,-8.91,41.71,12.52,-39.49
-0.04,0.09,-1.96,36.68,24.78,-3.6,41.71,12.52,-39.49
-0.06,0.08,-1.61,124.57,43.15,-1.95,43.37,14.15,-38.53
-0.02,0.15,-0.27,128.91,45.04,1.04,43.37,14.15,-38.53
0.01,0.12,0.8,138.98,46.26,3.42,43.37,14.15,-38.53
0.07,0.13,1.81,139.28,53.53,5.98,43.37,14.15,-38.53
0.1,0.18,2.74,136.78,61.28,11.6,43.37,14.15,-38.53
0.04,0.24,3.52,124.82,57.86,16.36,46.02,20.29,-37.06
-0.11,0.39,4,73.24,55.85,13.73,46.02,20.29,-37.06
-0.33,0.37,4,35.1,51.88,6.77,46.02,20.29,-37.06
-0.41,0.41,3.95,-3.78,43.64,-1.28,46.02,20.29,-37.06
-0.44,0.42,3.55,-35.4,39,-7.51,46.02,20.29,-37.06
-0.38,0.36,3.05,-63.17,32.1,-13.55,46.02,20.29,-37.06
-0.29,0.31,2.5,-100.71,-21.67,-18.74,47.01,19.26,-37.65
-0.23,0.11,1.45,-108.28,-52.37,-15.99,47.01,19.26,-37.65
-0.02,0.07,0.87,-114.93,-63.9,-17.21,47.01,19.26,-37.65
-0.05,-0.07,0.28,-115.3,-78.8,-12.45,47.01,19.26,-37.65
0.01,-0.1,-0.22,-111.45,-89.54,-16.91,47.01,19.26,-37.65
0.16,-0.15,-0.7,-98.21,-68.85,-22.89,42.96,13.51,-39.95
0.27,-0.03,-1.51,-73.97,-35.64,-6.23,42.96,13.51,-39.95
0.27,-0.03,-1.51,-55.48,-17.52,4.46,42.96,13.51,-39.95
0.18,0.03,-1.91,-17.64,-13.31,8.06,42.96,13.51,-39.95
0.18,0.07,-1.93,17.94,-8.12,10.5,42.96,13.51,-39.95
0.15,0.11,-1.88,52.43,4.88,12.51,42.75,13.01,-39.69
0.06,0.1,-1.62,87.77,19.04,15.93,42.75,13.01,-39.69
-0.01,0.07,-1.09,118.29,26.37,21.18,42.75,13.01,-39.69
-0.14,0.03,-0.36,136.66,25.82,27.89,42.75,13.01,-39.69
-0.24,0.04,0.52,140.5,29.17,31.07,42.75,13.01,-39.69
-0.26,0.01,1.42,140.62,40.89,46.33,42.75,13.01,-39.69
-0.25,0.02,2.36,131.23,55.11,32.23,46.12,19.64,-38.09
-0.38,0.13,3.78,110.35,51.88,27.77,46.12,19.64,-38.09
-0.43,0.19,4,86.36,55.66,19.41,46.12,19.64,-38.09
-0.48,0.24,4,56.09,62.13,8.73,46.12,19.64,-38.09
-0.55,0.26,4,16.42,59.51,-4.52,46.12,19.64,-38.09
-0.57,0.3,3.7,-21.97,51.03,-16.48,48.3,21.23,-38.02
-0.54,0.33,3.17,-79.47,29.3,-28.75,48.3,21.23,-38.02
-0.37,0.27,2.11,-94.97,15.87,-32.41,48.3,21.23,-38.02
-0.05,0.21,1.72,-100.83,2.38,-36.68,48.3,21.23,-38.02
-0.06,0.14,1.25,-114.87,-47.97,-32.17,48.3,21.23,-38.02
0.01,0.12,0.76,-115.97,-80.69,-33.45,44.85,16.13,-38.76
0.22,0.09,0.26,-109.19,-78.12,-35.64,44.85,16.13,-38.76
0.28,0.1,-0.22,-112,-74.04,-26.43,44.85,16.13,-38.76
0.29,0.06,-0.69,-111.27,-65.43,-11.05,44.85,16.13,-38.76
0.33,0.03,-1.41,-73.24,-29.6,6.29,44.85,16.13,-38.76
0.33,0.03,-1.41,-44.8,-10.8,8.3,44.85,16.13,-38.76
0.39,0.08,-1.72,-14.95,-0.61,12.02,43.13,12.33,-40.03
0.3,0.09,-1.74,16.78,5.13,15.99,43.13,12.33,-40.03
0.22,0.11,-1.64,51.03,11.54,20.2,43.13,12.33,-40.03
0.14,0.09,-1.4,84.05,14.95,24.84,43.13,12.33,-40.03
-0.03,0.05,-1.01,111.02,14.89,30.52,43.13,12.33,-40.03
-0.2,0.08,-0.4,129.52,15.38,34.73,44.69,16.52,-38.93
-0.29,0.07,0.3,142.33,28.81,35.16,44.69,16.52,-38.93
-0.3,0.04,1.77,132.39,41.99,33.63,44.69,16.52,-38.93
-0.24,0.08,2.48,124.63,55.24,29.36,44.69,16.52,-38.93
-0.26,0.12,3.17,114.26,62.68,25.02,44.69,16.52,-38.93
-0.33,0.21,3.62,95.4,65.12,20.69,48.18,22.55,-37.95
-0.33,0.27,3.77,67.75,64.94,13.31,48.18,22.55,-37.95
-0.28,0.28,3.62,5.13,51.64,-4.82,48.18,22.55,-37.95
-0.52,0.25,2.97,-23.07,38.88,-8.36,48.18,22.55,-37.95
0.02,0.27,2.65,-45.23,44.92,-22.03,48.18,22.55,-37.95
-0.32,0.21,2.17,-71.9,1.22,-16.11,48.18,22.55,-37.95
-0.31,0.2,1.74,-95.76,-38.45,-7.63,48.74,20.65,-39
-0.19,0.16,1.24,-87.89,-28.99,-17.03,48.74,20.65,-39
0.01,0.14,0.84,-75.87,-24.35,-23.56,48.74,20.65,-39
0.03,0.13,0.08,-86.61,-45.17,-8.18,48.74,20.65,-39
0.04,0.1,-0.24,-84.41,-60.42,2.5,48.74,20.65,-39
0.16,0.14,-0.51,-69.58,-71.29,6.71,46.46,16.36,-38.57
0.16,0.17,-0.69,-48.46,-81.3,13.24,46.46,16.36,-38.57
0.13,0.14,-0.82,-4.03,-60.85,31.98,46.46,16.36,-38.57
0.19,0.17,-0.85,20.02,-51.21,38.39,46.46,16.36,-38.57
0.12,0.11,-0.8,43.64,-38.64,39.12,46.46,16.36,-38.57
0.12,0.11,-0.8,68.24,-18.92,36.87,45.12,17.64,-39.69
0.05,0.01,-0.17,90.7,0.67,35.4,45.12,17.64,-39.69
0.04,-0.02,0.47,103.09,14.89,36.5,45.12,17.64,-39.69
-0,-0.03,1.13,103.82,25.21,38.94,45.12,17.64,-39.69
-0.08,-0.02,1.61,97.35,34.12,42.42,45.12,17.64,-39.69
-0.11,-0.03,1.9,85.14,29.48,35.64,46.84,22.18,-39.04
-0.33,0.06,2.21,55.36,1.4,32.35,46.84,22.18,-39.04
-0.58,0.04,2.21,35.22,-15.63,29.72,46.84,22.18,-39.04
-0.81,0.03,2.13,15.01,-28.81,25.76,46.84,22.18,-39.04
-0.91,-0,2.06,3.78,-35.58,18.37,46.84,22.18,-39.04
-0.95,0.05,2.01,-7.63,-38.82,-0.24,46.84,22.18,-39.04
-1.08,0.03,1.58,-47.73,-26.55,-6.41,45.4,22.56,-38.83
-0.89,-0.02,1.28,-59.51,0.67,-19.47,45.4,22.56,-38.83
-0.66,-0.04,1.1,-66.65,28.81,-31.86,45.4,22.56,-38.83
-0.39,-0.07,1.02,-75.01,54.63,-31.07,45.4,22.56,-38.83
-0.24,-0.1,1.06,-86.73,77.94,-24.05,45.4,22.56,-38.83
-0.46,-0.27,0.99,-93.57,97.35,-22.16,46.22,19.64,-37.81
0.07,-0.08,0.74,-70.62,102.05,-68.85,46.22,19.64,-37.81
0.7,0.19,0.6,-45.72,78.31,-80.26,46.22,19.64,-37.81
1.06,0.41,0.38,-34.97,47.67,-76.54,46.22,19.64,-37.81
1.27,0.64,0.05,-34.42,25.7,-67.32,46.22,19.64,-37.81
1.47,0.92,-0.2,-16.78,9.16,-45.59,46.13,17.99,-37.29
1.43,1.45,-0.11,51.51,-26.43,31.07,46.13,17.99,-37.29
1.13,1.44,0.11,71.11,-29.72,72.14,46.13,17.99,-37.29
0.74,1.36,0.51,82.52,-21.36,107.6,46.13,17.99,-37.29
0.34,1.16,1,89.36,-19.1,130.49,46.13,17.99,-37.29
-0.16,0.98,1.46,68.18,-53.96,158.02,46.86,20.29,-37.55
-0.97,0.52,1.86,49.74,-57.92,171.57,46.86,20.29,-37.55
-1.46,0.22,1.84,27.16,-54.5,175.05,46.86,20.29,-37.55
-1.67,-0.04,1.86,5.62,-40.71,164.06,46.86,20.29,-37.55
-1.57,-0.27,1.86,-13.49,-22.28,130.49,46.86,20.29,-37.55
-1.55,-0.45,1.74,-29.72,-4.82,85.88,50.94,20.15,-41.32
-1.58,-0.63,1.56,-48.77,16.54,-9.83,50.94,20.15,-41.32
-1.5,-0.75,1.37,-81.54,84.29,-50.66,50.94,20.15,-41.32
-1.25,-0.83,1.17,-85.82,111.33,-82.76,50.94,20.15,-41.32
-0.52,-0.99,1.02,-88.01,131.53,-109.01,50.94,20.15,-41.32
-0.09,-0.89,0.85,-81.36,141.91,-126.22,50.94,20.15,-41.32
0.27,-0.81,0.51,-61.46,121.22,-132.2,52.43,17.72,-39.69
0.49,-0.75,0.31,-32.53,67.5,-124.15,52.43,17.72,-39.69
0.53,-0.61,0.39,-9.83,8.91,-112.79,52.43,17.72,-39.69
0.55,-0.42,0.48,0.55,-19.29,-110.66,52.43,17.72,-39.69
0.7,-0.24,0.37,9.03,6.96,-124.21,52.43,17.72,-39.69
0.98,0.18,0.05,38.88,31.25,-126.53,49.56,17.82,-37.28
1.13,0.51,0.01,56.4,52.25,-126.28,49.56,17.82,-37.28
1.22,0.77,0.1,73.97,76.42,-120.24,49.56,17.82,-37.28
1.33,0.96,0.28,82.15,98.69,-108.89,49.56,17.82,-37.28
1.3,0.95,0.5,79.22,115.42,-83.37,49.56,17.82,-37.28
1.25,1.06,0.98,47,103.94,-7.93,50.88,21.34,-36.32
0.51,1.01,1.27,37.84,68.91,43.4,50.88,21.34,-36.32
0.12,0.92,1.56,29.97,57.8,67.14,50.88,21.34,-36.32
-0.21,0.81,1.83,19.59,65.06,73.91,50.88,21.34,-36.32
-0.47,0.68,2.09,14.83,64.21,71.9,50.88,21.34,-36.32
-0.65,0.6,2.3,10.07,34.55,66.35,55.16,20.18,-35.64
-0.97,0.32,2.25,-20.2,26.67,59.33,55.16,20.18,-35.64
-1.03,0.19,2.04,-45.78,29.05,47.73,55.16,20.18,-35.64
-1,0.06,1.78,-62.93,40.34,35.28,55.16,20.18,-35.64
-0.89,-0.05,1.49,-72.02,58.78,24.84,55.16,20.18,-35.64
-0.7,-0.13,1.17,-80.2,74.34,13.73,55.16,20.18,-35.64
-0.55,-0.17,0.95,-85.94,77.21,3.85,57.18,17.31,-36.33
-0.41,-0.22,0.78,-91.31,90.27,-19.23,57.18,17.31,-36.33
-0.18,-0.23,0.62,-91.31,90.27,-19.23,57.18,17.31,-36.33
0.09,-0.18,0.49,-78.31,103.03,-41.2,57.18,17.31,-36.33
0.44,-0.14,0.4,-73.49,111.88,-52.12,57.18,17.31,-36.33
0.62,-0.08,0.46,-73.91,127.5,-66.16,58.35,14.97,-36.56
0.76,-0,0.55,-75.26,138.55,-76.23,58.35,14.97,-36.56
0.9,0.05,0.65,-73.61,141.11,-75.5,58.35,14.97,-36.56
0.91,0.12,0.69,-70.62,99,-57.19,58.35,14.97,-36.56
0.8,0.18,0.68,-70.62,99,-57.19,58.35,14.97,-36.56
0.53,0.32,0.59,-39.79,36.19,-32.29,61.39,13.21,-35.34
0.44,0.38,0.55,-24.54,-3.11,-23.62,61.39,13.21,-35.34
0.42,0.47,0.57,-10.25,-37.35,-16.78,61.39,13.21,-35.34
0.44,0.56,0.63,-1.89,-59.75,-13.24,61.39,13.21,-35.34
0.46,0.62,0.67,1.04,-66.47,-11.11,61.39,13.21,-35.34
0.46,0.65,0.68,1.77,-41.38,-6.59,61.39,13.21,-35.34
0.48,0.66,0.68,0.67,-21.42,-4.03,59.81,12.98,-37.16
0.55,0.68,0.69,0.85,-6.41,-0.12,59.81,12.98,-37.16
0.64,0.66,0.68,3.6,-1.28,4.7,59.81,12.98,-37.16
0.67,0.63,0.72,8.18,-9.4,9.4,59.81,12.98,-37.16
0.76,0.66,0.73,14.1,-29.91,13.37,59.81,12.98,-37.16
0.81,0.73,0.66,32.96,-68.91,23.13,58.69,13.68,-37.41
0.81,0.67,0.7,105.41,-198.55,60.55,58.69,13.68,-37.41
0.75,0.52,0.75,126.46,-265.08,85.94,58.69,13.68,-37.41
0.75,0.52,0.75,136.72,-323.67,110.35,58.69,13.68,-37.41
0.56,0.36,0.88,141.05,-366.39,130.31,58.69,13.68,-37.41
0.41,0.25,0.92,140.44,-388.49,145.45,58.69,13.68,-37.41
0.31,0.16,0.93,135.74,-390.08,153.32,49.49,17.09,-36.88
0.23,0.13,0.89,124.88,-377.08,151.49,49.49,17.09,-36.88
0.17,0.11,0.85,112.73,-361.45,147.16,49.49,17.09,-36.88
0.17,0.1,0.81,108.52,-353.03,143.92,49.49,17.09,-36.88
0.09,0,0.79,109.92,-360.47,148.93,49.49,17.09,-36.88
0.09,0.01,0.74,110.05,-379.39,158.87,40.69,21.29,-35.86
0.06,-0.02,0.66,121.77,-477.17,187.5,40.69,21.29,-35.86
-0.08,-0.12,0.59,124.27,-536.01,204.16,40.69,21.29,-35.86
-0.35,-0.18,0.42,123.84,-589.17,217.47,40.69,21.29,-35.86
-0.42,-0.18,0.34,124.51,-630.8,226.14,40.69,21.29,-35.86
-0.61,-0.29,0.28,120.24,-654.05,232.48,40.69,21.29,-35.86
-1.02,-0.45,0.19,98.94,-646.61,228.94,30.79,27.31,-26.56
-1.43,-0.46,0.04,63.29,-595.4,204.41,30.79,27.31,-26.56
-1.6,-0.53,-0.04,27.34,-509.4,161.25,30.79,27.31,-26.56
-1.53,-0.51,-0.02,-13.73,-347.84,63.42,30.79,27.31,-26.56
-1.21,-0.29,0.01,-15.08,-275.39,39,30.79,27.31,-26.56
-1.11,-0.27,-0.13,-15.99,-208.37,31.8,28.65,27.77,-20.63
-1.04,-0.3,-0.33,-24.78,-155.64,31.01,28.65,27.77,-20.63
-0.97,-0.3,-0.51,-34.24,-116.82,27.71,28.65,27.77,-20.63
-0.99,-0.27,-0.67,-14.53,-86.55,26.31,28.65,27.77,-20.63
-1.03,-0.15,-0.61,13.73,-78.19,30.52,28.65,27.77,-20.63
-1.07,-0.17,-0.51,40.04,-60.49,33.81,29.2,28.43,-19.9
-1.14,-0.23,-0.39,54.75,-32.1,31.8,29.2,28.43,-19.9
-1.18,-0.31,-0.26,57.01,9.52,26.79,29.2,28.43,-19.9
-1.21,-0.33,-0.05,50.23,61.83,17.03,29.2,28.43,-19.9
-1.29,-0.34,0.21,32.35,203.43,-31.43,29.2,28.43,-19.9
-1.42,-0.42,0.46,32.35,203.43,-31.43,29.98,29.15,-22.85
-1.62,-0.2,0.84,-83.86,414.49,-93.32,29.98,29.15,-22.85
-1.59,-0.18,0.83,-110.9,497.44,-120.67,29.98,29.15,-22.85
-1.48,-0.19,0.7,-120.48,551.39,-132.93,29.98,29.15,-22.85
-1.33,-0.17,0.62,-115.66,571.47,-133.79,29.98,29.15,-22.85
-1.23,-0.12,0.59,-110.6,558.84,-131.65,29.98,29.15,-22.85
-1.2,-0.13,0.62,-115.72,495.73,-144.59,36.39,25.5,-29.64
-1.08,-0.04,0.56,-152.04,490.6,-154.66,36.39,25.5,-29.64
-1.04,-0.05,0.49,-157.35,486.88,-164.37,36.39,25.5,-29.64
-1.04,-0.06,0.43,-154.3,480.77,-172.18,36.39,25.5,-29.64
-0.96,-0.01,0.39,-144.35,484.92,-174.56,36.39,25.5,-29.64
-0.75,0.01,0.49,-136.29,490.3,-173.52,44.63,19.4,-36.39
-0.29,0.05,0.82,-155.03,486.76,-163.09,44.63,19.4,-36.39
-0.25,0.08,0.94,-162.23,478.15,-153.44,44.63,19.4,-36.39
-0.29,0.07,0.96,-167.3,467.53,-144.23,44.63,19.4,-36.39
-0.3,0.08,0.93,-174.56,447.57,-139.89,44.63,19.4,-36.39
-0.2,0.12,0.84,-178.71,417.85,-135.86,57.1,12.59,-38.1
-0.04,0.14,0.7,-168.76,348.94,-119.81,57.1,12.59,-38.1
0.35,0.28,0.46,-160.46,314.21,-110.05,57.1,12.59,-38.1
0.52,0.33,0.37,-145.75,281.43,-94.73,57.1,12.59,-38.1
0.62,0.29,0.34,-126.53,256.59,-77.45,57.1,12.59,-38.1
0.75,0.28,0.35,-115.84,246.15,-68.3,66.21,8.78,-35.82
0.8,0.28,0.45,-114.14,255.07,-86.98,66.21,8.78,-35.82
0.8,0.4,0.74,-114.01,277.71,-91.37,66.21,8.78,-35.82
0.74,0.38,0.67,-122.8,310.91,-89.84,66.21,8.78,-35.82
0.63,0.34,0.49,-136.23,335.02,-88.07,66.21,8.78,-35.82
0.56,0.33,0.33,-139.59,347.66,-89.66,75.31,6.26,-29.2
0.61,0.35,0.26,-129.39,346.56,-94.36,75.31,6.26,-29.2
0.7,0.36,0.24,-113.46,325.99,-94.24,75.31,6.26,-29.2
0.74,0.35,0.28,-97.41,294.49,-70.8,75.31,6.26,-29.2
0.74,0.34,0.31,-83.07,235.05,-69.82,75.31,6.26,-29.2
0.76,0.37,0.38,-80.69,213.87,-64.82,75.31,6.26,-29.2
0.78,0.41,0.38,-77.15,195.01,-60.3,80.92,6.41,-22.8
0.9,0.44,0.28,-70.86,175.05,-56.7,80.92,6.41,-22.8
1.06,0.43,0.13,-59.51,140.87,-49.13,80.92,6.41,-22.8
1.11,0.42,0.04,-45.47,37.05,-19.71,80.92,6.41,-22.8
1.06,0.37,-0.05,-26.31,-0.73,-5.68,80.92,6.41,-22.8
0.96,0.28,-0.14,-17.27,-24.84,2.01,82.63,6.82,-20.29
0.91,0.25,-0.2,-6.16,-46.02,0.79,82.63,6.82,-20.29
0.88,0.22,-0.25,9.7,-73.49,-0.73,82.63,6.82,-20.29
0.92,0.23,-0.28,29.66,-110.47,0.61,82.63,6.82,-20.29
1.04,0.27,-0.3,51.94,-153.63,6.53,82.63,6.82,-20.29
1.12,0.28,-0.25,77.76,-198,18.13,79.61,7.68,-25.34
1.12,0.29,-0.22,125.98,-287.96,48.77,79.61,7.68,-25.34
1.06,0.28,-0.09,152.71,-342.04,63.84,79.61,7.68,-25.34
1.17,0.21,0.06,182.01,-416.93,79.16,79.61,7.68,-25.34
1.05,0.21,0.24,210.45,-514.65,100.95,79.61,7.68,-25.34
0.89,0.12,0.34,230.83,-610.47,126.1,66.93,10.68,-37.29
0.76,0.02,0.35,239.07,-692.2,146.24,66.93,10.68,-37.29
0.76,0.05,0.26,241.39,-818.48,179.02,66.93,10.68,-37.29
0.72,0.03,0.31,232.36,-845.7,201.6,66.93,10.68,-37.29
0.57,0.02,0.31,220.89,-837.22,220.52,66.93,10.68,-37.29
0.39,-0.02,0.25,208.37,-805.11,229.13,66.93,10.68,-37.29
0.18,-0.09,0.07,195.98,-762.57,234.86,39.92,19.03,-38.06
-0.28,-0.25,-0.17,182.37,-709.47,229.25,39.92,19.03,-38.06
-0.83,-0.39,-0.12,171.26,-685.06,204.47,39.92,19.03,-38.06
-1.54,-0.27,0.14,160.64,-644.41,166.63,39.92,19.03,-38.06
-1.61,-0.17,0.41,144.9,-596.37,127.2,39.92,19.03,-38.06
-1.6,-0.12,0.55,112.12,-529.48,108.03,27.31,26.39,-26.77
-1.57,-0.13,0.58,59.14,-438.42,100.71,27.31,26.39,-26.77
-1.53,-0.14,0.43,-0.73,-208.5,62.93,27.31,26.39,-26.77
-1.65,-0.22,0.04,-70.8,-102.42,26.49,27.31,26.39,-26.77
-1.63,-0.19,-0.15,-79.83,-10.07,-13.43,27.31,26.39,-26.77
-1.5,-0.14,-0.3,-73.3,54.08,-39.67,26.56,25.42,-25.82
-1.28,-0.11,-0.32,-49.8,75.87,-52.06,26.56,25.42,-25.82
-0.99,-0.05,-0.25,-13.92,58.53,-54.75,26.56,25.42,-25.82
-0.79,0,-0.03,67.2,-44.13,-28.2,26.56,25.42,-25.82
-1.09,-0.01,0.65,80.02,-74.1,-13.43,26.56,25.42,-25.82
-1.23,0,0.88,71.29,-58.84,-11.72,25.49,25.51,-25.22
-1.34,-0.01,0.95,49.74,-10.31,-22.83,25.49,25.51,-25.22
-1.33,-0.06,0.92,23.44,61.71,-46.02,25.49,25.51,-25.22
-1.23,-0.07,0.85,-5.31,136.84,-78.25,25.49,25.51,-25.22
-1.17,-0.03,0.8,-35.95,205.32,-110.47,25.49,25.51,-25.22
-1.19,0,0.73,-91.49,341.19,-160.22,25.49,25.51,-25.22
-0.94,0.11,0.66,-96.62,406.74,-171.45,27.14,22.44,-29.3
-0.84,0.21,0.65,-92.16,460.88,-172.18,27.14,22.44,-29.3
-0.72,0.31,0.57,-90.27,501.04,-173.83,27.14,22.44,-29.3
-0.55,0.35,0.48,-89.42,521.3,-171.26,27.14,22.44,-29.3
-0.42,0.35,0.43,-86,493.35,-139.95,27.14,22.44,-29.3
-0.17,0.42,0.58,-65.8,471.5,-123.35,39.48,17.54,-38.18
-0.07,0.42,0.79,-57.01,449.71,-113.16,39.48,17.54,-38.18
-0.04,0.42,0.99,-58.41,432.86,-108.4,39.48,17.54,-38.18
-0.03,0.45,1.19,-71.84,431.15,-92.77,39.48,17.54,-38.18
-0,0.43,1.2,-78.98,432.92,-85.02,39.48,17.54,-38.18
-0.03,0.38,1.16,-85.63,427.49,-79.16,52.29,14.25,-38.49
-0.03,0.36,1.09,-92.53,418.15,-78,52.29,14.25,-38.49
0.05,0.39,0.98,-96.25,405.09,-80.81,52.29,14.25,-38.49
0.14,0.38,0.86,-93.87,384.77,-82.15,52.29,14.25,-38.49
0.22,0.33,0.72,-88.13,358.22,-81.24,52.29,14.25,-38.49
0.45,0.44,0.62,-84.72,310.42,-87.83,62.78,11.56,-36.96
0.55,0.51,0.65,-62.87,209.17,-61.83,62.78,11.56,-36.96
0.72,0.49,0.7,-33.02,191.59,-48.71,62.78,11.56,-36.96
0.77,0.48,0.74,-15.01,170.96,-35.1,62.78,11.56,-36.96
0.72,0.45,0.76,-14.4,145.26,-23.56,62.78,11.56,-36.96
0.68,0.43,0.75,-19.84,125.12,-18.25,67.16,11.13,-32.03
0.65,0.42,0.76,-19.04,91.31,-16.72,67.16,11.13,-32.03
0.57,0.37,0.78,-15.87,76.42,-17.15,67.16,11.13,-32.03
0.62,0.38,0.71,-8.3,53.83,-15.63,67.16,11.13,-32.03
0.64,0.36,0.62,4.88,14.16,-9.4,67.16,11.13,-32.03
0.72,0.34,0.57,23.07,-32.17,0.98,67.91,11.38,-32.8
0.75,0.33,0.47,42.24,-88.32,14.34,67.91,11.38,-32.8
0.79,0.31,0.44,57.37,-147.16,24.05,67.91,11.38,-32.8
0.82,0.32,0.39,70.8,-195.25,31.31,67.91,11.38,-32.8
0.81,0.31,0.38,82.34,-260.01,51.33,67.91,11.38,-32.8
0.67,0.27,0.38,85.08,-271.42,60.67,67.91,11.38,-32.8
0.63,0.29,0.4,90.64,-272.58,64.76,60.88,12.94,-36.45
0.58,0.28,0.41,99.3,-274.6,68.36,60.88,12.94,-36.45
0.51,0.24,0.38,108.34,-284,76.05,60.88,12.94,-36.45
0.38,0.17,0.33,118.71,-299.99,85.08,60.88,12.94,-36.45
0.21,0.12,0.31,130.25,-323.06,90.64,60.88,12.94,-36.45
0.02,0.06,0.3,141.72,-377.75,81.18,51.22,17.98,-37.96
-0.24,0.02,0.49,152.83,-401.73,71.9,51.22,17.98,-37.96
-0.21,0.11,0.65,153.69,-414.43,68.48,51.22,17.98,-37.96
-0.17,0.18,0.81,151.25,-411.07,75.01,51.22,17.98,-37.96
-0.24,0.15,0.93,137.57,-384.28,85.39,51.22,17.98,-37.96
-0.46,0.11,0.99,105.59,-330.2,87.1,51.22,17.98,-37.96
-0.72,0.07,1.06,64.09,-248.72,71.72,41.19,22.97,-35.33
-0.88,0.06,1.13,29.11,-32.9,10.93,41.19,22.97,-35.33
-0.91,0.1,1.18,29.11,-32.9,10.93,41.19,22.97,-35.33
-0.86,0.14,1.2,-12.15,129.76,-34,41.19,22.97,-35.33
-0.77,0.13,1.16,-23.44,164.92,-43.76,41.19,22.97,-35.33
-0.66,0.17,1.1,-31.19,174.19,-44.43,43.08,23.13,-36.98
-0.59,0.16,1.1,-28.2,163.33,-42.72,43.08,23.13,-36.98
-0.48,0.17,1.1,-15.81,137.51,-41.26,43.08,23.13,-36.98
